{
    "model_name": "convnext-small",
    "model_id": "facebook/convnext-small-224",
    "test_metrics": {
        "accuracy": 0.8790983606557377,
        "precision": 0.8871958815005734,
        "recall": 0.8790983606557377,
        "f1_score": 0.8819061856131863,
        "roc_auc": 0.9331619839668752
    },
    "training_time": 5172.590764284134,
    "epochs_trained": 21,
    "dataset_info": {
        "train_size": 16384,
        "val_size": 2326,
        "test_size": 976,
        "class_names": [
            "all",
            "hem"
        ],
        "class_distribution": {
            "train": {
                "all": 8292,
                "hem": 8092
            },
            "val": {
                "all": 1744,
                "hem": 582
            },
            "test": {
                "all": 749,
                "hem": 227
            }
        }
    }
}