,accuracy,precision,recall,f1_score,roc_auc,training_time
Swin-Base,0.9200819672131147,0.9191591744072523,0.9200819672131147,0.9170982666068612,0.9454132676167342,195.18414092858632
convnext-base,0.8862704918032787,0.8838274627361539,0.8862704918032787,0.8846964481307642,0.9252748157602206,149.3647314588229
ViT-Base,0.8463114754098361,0.8440862827804404,0.8463114754098361,0.8450903261177427,0.8448562841497914,239.40187125205995
