{
    "model_name": "ViT-Base",
    "model_id": "google/vit-base-patch16-224",
    "test_metrics": {
        "accuracy": 0.8463114754098361,
        "precision": 0.8440862827804404,
        "recall": 0.8463114754098361,
        "f1_score": 0.8450903261177427,
        "roc_auc": 0.8448562841497914
    },
    "training_time": 14364.112275123596,
    "epochs_trained": 43,
    "dataset_info": {
        "train_size": 16384,
        "val_size": 2326,
        "test_size": 976,
        "class_names": [
            "all",
            "hem"
        ],
        "class_distribution": {
            "train": {
                "all": 8292,
                "hem": 8092
            },
            "val": {
                "all": 1744,
                "hem": 582
            },
            "test": {
                "all": 749,
                "hem": 227
            }
        }
    }
}